{"0":{"created_at":"Fri Mar 15 04:40:18 +0000 2013","id":312422981194350592,"id_str":"312422981194350592","text":"Rye Pier, Australia http:\/\/t.co\/oJ2t3inyqm","source":"web","truncated":false,"in_reply_to_status_id":null,"in_reply_to_status_id_str":null,"in_reply_to_user_id":null,"in_reply_to_user_id_str":null,"in_reply_to_screen_name":null,"user":{"id":355182255,"id_str":"355182255","name":"Queness Test Acc","screen_name":"QuenessTestAcc","location":"","description":"","url":null,"entities":{"description":{"urls":[]}},"protected":false,"followers_count":3,"friends_count":0,"listed_count":0,"created_at":"Sun Aug 14 23:46:36 +0000 2011","favourites_count":0,"utc_offset":null,"time_zone":null,"geo_enabled":false,"verified":false,"statuses_count":40,"lang":"en","contributors_enabled":false,"is_translator":false,"profile_background_color":"C0DEED","profile_background_image_url":"http:\/\/abs.twimg.com\/images\/themes\/theme1\/bg.png","profile_background_image_url_https":"https:\/\/abs.twimg.com\/images\/themes\/theme1\/bg.png","profile_background_tile":false,"profile_image_url":"http:\/\/abs.twimg.com\/sticky\/default_profile_images\/default_profile_1_normal.png","profile_image_url_https":"https:\/\/abs.twimg.com\/sticky\/default_profile_images\/default_profile_1_normal.png","profile_link_color":"0084B4","profile_sidebar_border_color":"C0DEED","profile_sidebar_fill_color":"DDEEF6","profile_text_color":"333333","profile_use_background_image":true,"default_profile":true,"default_profile_image":true,"following":false,"follow_request_sent":false,"notifications":false},"geo":null,"coordinates":null,"place":null,"contributors":null,"retweet_count":0,"favorite_count":0,"entities":{"hashtags":[],"symbols":[],"urls":[],"user_mentions":[],"media":[{"id":312422981198544897,"id_str":"312422981198544897","indices":[20,42],"media_url":"http:\/\/pbs.twimg.com\/media\/BFXzC84CAAE9jvF.jpg","media_url_https":"https:\/\/pbs.twimg.com\/media\/BFXzC84CAAE9jvF.jpg","url":"http:\/\/t.co\/oJ2t3inyqm","display_url":"pic.twitter.com\/oJ2t3inyqm","expanded_url":"http:\/\/twitter.com\/QuenessTestAcc\/status\/312422981194350592\/photo\/1","type":"photo","sizes":{"small":{"w":340,"h":306,"resize":"fit"},"medium":{"w":600,"h":540,"resize":"fit"},"large":{"w":600,"h":540,"resize":"fit"},"thumb":{"w":150,"h":150,"resize":"crop"}}}]},"favorited":false,"retweeted":false,"possibly_sensitive":false,"lang":"sl"},"1":{"created_at":"Fri Mar 15 04:37:50 +0000 2013","id":312422360949075968,"id_str":"312422360949075968","text":"Romantic Flower http:\/\/t.co\/jJcXJkZwOc","source":"web","truncated":false,"in_reply_to_status_id":null,"in_reply_to_status_id_str":null,"in_reply_to_user_id":null,"in_reply_to_user_id_str":null,"in_reply_to_screen_name":null,"user":{"id":355182255,"id_str":"355182255","name":"Queness Test Acc","screen_name":"QuenessTestAcc","location":"","description":"","url":null,"entities":{"description":{"urls":[]}},"protected":false,"followers_count":3,"friends_count":0,"listed_count":0,"created_at":"Sun Aug 14 23:46:36 +0000 2011","favourites_count":0,"utc_offset":null,"time_zone":null,"geo_enabled":false,"verified":false,"statuses_count":40,"lang":"en","contributors_enabled":false,"is_translator":false,"profile_background_color":"C0DEED","profile_background_image_url":"http:\/\/abs.twimg.com\/images\/themes\/theme1\/bg.png","profile_background_image_url_https":"https:\/\/abs.twimg.com\/images\/themes\/theme1\/bg.png","profile_background_tile":false,"profile_image_url":"http:\/\/abs.twimg.com\/sticky\/default_profile_images\/default_profile_1_normal.png","profile_image_url_https":"https:\/\/abs.twimg.com\/sticky\/default_profile_images\/default_profile_1_normal.png","profile_link_color":"0084B4","profile_sidebar_border_color":"C0DEED","profile_sidebar_fill_color":"DDEEF6","profile_text_color":"333333","profile_use_background_image":true,"default_profile":true,"default_profile_image":true,"following":false,"follow_request_sent":false,"notifications":false},"geo":null,"coordinates":null,"place":null,"contributors":null,"retweet_count":0,"favorite_count":0,"entities":{"hashtags":[],"symbols":[],"urls":[],"user_mentions":[],"media":[{"id":312422360953270273,"id_str":"312422360953270273","indices":[16,38],"media_url":"http:\/\/pbs.twimg.com\/media\/BFXye2SCMAErhV3.jpg","media_url_https":"https:\/\/pbs.twimg.com\/media\/BFXye2SCMAErhV3.jpg","url":"http:\/\/t.co\/jJcXJkZwOc","display_url":"pic.twitter.com\/jJcXJkZwOc","expanded_url":"http:\/\/twitter.com\/QuenessTestAcc\/status\/312422360949075968\/photo\/1","type":"photo","sizes":{"medium":{"w":600,"h":600,"resize":"fit"},"thumb":{"w":150,"h":150,"resize":"crop"},"small":{"w":340,"h":340,"resize":"fit"},"large":{"w":600,"h":600,"resize":"fit"}}}]},"favorited":false,"retweeted":false,"possibly_sensitive":false,"lang":"en"},"2":{"created_at":"Fri Mar 15 04:36:13 +0000 2013","id":312421956991463424,"id_str":"312421956991463424","text":"In Love. http:\/\/t.co\/pSCK6vVd6E","source":"web","truncated":false,"in_reply_to_status_id":null,"in_reply_to_status_id_str":null,"in_reply_to_user_id":null,"in_reply_to_user_id_str":null,"in_reply_to_screen_name":null,"user":{"id":355182255,"id_str":"355182255","name":"Queness Test Acc","screen_name":"QuenessTestAcc","location":"","description":"","url":null,"entities":{"description":{"urls":[]}},"protected":false,"followers_count":3,"friends_count":0,"listed_count":0,"created_at":"Sun Aug 14 23:46:36 +0000 2011","favourites_count":0,"utc_offset":null,"time_zone":null,"geo_enabled":false,"verified":false,"statuses_count":40,"lang":"en","contributors_enabled":false,"is_translator":false,"profile_background_color":"C0DEED","profile_background_image_url":"http:\/\/abs.twimg.com\/images\/themes\/theme1\/bg.png","profile_background_image_url_https":"https:\/\/abs.twimg.com\/images\/themes\/theme1\/bg.png","profile_background_tile":false,"profile_image_url":"http:\/\/abs.twimg.com\/sticky\/default_profile_images\/default_profile_1_normal.png","profile_image_url_https":"https:\/\/abs.twimg.com\/sticky\/default_profile_images\/default_profile_1_normal.png","profile_link_color":"0084B4","profile_sidebar_border_color":"C0DEED","profile_sidebar_fill_color":"DDEEF6","profile_text_color":"333333","profile_use_background_image":true,"default_profile":true,"default_profile_image":true,"following":false,"follow_request_sent":false,"notifications":false},"geo":null,"coordinates":null,"place":null,"contributors":null,"retweet_count":0,"favorite_count":0,"entities":{"hashtags":[],"symbols":[],"urls":[],"user_mentions":[],"media":[{"id":312421956999852034,"id_str":"312421956999852034","indices":[9,31],"media_url":"http:\/\/pbs.twimg.com\/media\/BFXyHVcCMAIobOP.jpg","media_url_https":"https:\/\/pbs.twimg.com\/media\/BFXyHVcCMAIobOP.jpg","url":"http:\/\/t.co\/pSCK6vVd6E","display_url":"pic.twitter.com\/pSCK6vVd6E","expanded_url":"http:\/\/twitter.com\/QuenessTestAcc\/status\/312421956991463424\/photo\/1","type":"photo","sizes":{"medium":{"w":300,"h":450,"resize":"fit"},"thumb":{"w":150,"h":150,"resize":"crop"},"large":{"w":300,"h":450,"resize":"fit"},"small":{"w":300,"h":450,"resize":"fit"}}}]},"favorited":false,"retweeted":false,"possibly_sensitive":false,"lang":"en"},"3":{"created_at":"Fri Mar 15 04:34:25 +0000 2013","id":312421502446354432,"id_str":"312421502446354432","text":"Cherries. Fruit Minimal Photography http:\/\/t.co\/DAqtqoJd9A","source":"web","truncated":false,"in_reply_to_status_id":null,"in_reply_to_status_id_str":null,"in_reply_to_user_id":null,"in_reply_to_user_id_str":null,"in_reply_to_screen_name":null,"user":{"id":355182255,"id_str":"355182255","name":"Queness Test Acc","screen_name":"QuenessTestAcc","location":"","description":"","url":null,"entities":{"description":{"urls":[]}},"protected":false,"followers_count":3,"friends_count":0,"listed_count":0,"created_at":"Sun Aug 14 23:46:36 +0000 2011","favourites_count":0,"utc_offset":null,"time_zone":null,"geo_enabled":false,"verified":false,"statuses_count":40,"lang":"en","contributors_enabled":false,"is_translator":false,"profile_background_color":"C0DEED","profile_background_image_url":"http:\/\/abs.twimg.com\/images\/themes\/theme1\/bg.png","profile_background_image_url_https":"https:\/\/abs.twimg.com\/images\/themes\/theme1\/bg.png","profile_background_tile":false,"profile_image_url":"http:\/\/abs.twimg.com\/sticky\/default_profile_images\/default_profile_1_normal.png","profile_image_url_https":"https:\/\/abs.twimg.com\/sticky\/default_profile_images\/default_profile_1_normal.png","profile_link_color":"0084B4","profile_sidebar_border_color":"C0DEED","profile_sidebar_fill_color":"DDEEF6","profile_text_color":"333333","profile_use_background_image":true,"default_profile":true,"default_profile_image":true,"following":false,"follow_request_sent":false,"notifications":false},"geo":null,"coordinates":null,"place":null,"contributors":null,"retweet_count":0,"favorite_count":0,"entities":{"hashtags":[],"symbols":[],"urls":[],"user_mentions":[],"media":[{"id":312421502450548736,"id_str":"312421502450548736","indices":[36,58],"media_url":"http:\/\/pbs.twimg.com\/media\/BFXxs4HCQAAQ7XG.jpg","media_url_https":"https:\/\/pbs.twimg.com\/media\/BFXxs4HCQAAQ7XG.jpg","url":"http:\/\/t.co\/DAqtqoJd9A","display_url":"pic.twitter.com\/DAqtqoJd9A","expanded_url":"http:\/\/twitter.com\/QuenessTestAcc\/status\/312421502446354432\/photo\/1","type":"photo","sizes":{"medium":{"w":400,"h":603,"resize":"fit"},"thumb":{"w":150,"h":150,"resize":"crop"},"large":{"w":400,"h":603,"resize":"fit"},"small":{"w":340,"h":513,"resize":"fit"}}}]},"favorited":false,"retweeted":false,"possibly_sensitive":false,"lang":"en"},"4":{"created_at":"Fri Mar 15 04:33:49 +0000 2013","id":312421353150099457,"id_str":"312421353150099457","text":"Two Mile Hallow, NY Sunset http:\/\/t.co\/tW2rpdvSiI","source":"web","truncated":false,"in_reply_to_status_id":null,"in_reply_to_status_id_str":null,"in_reply_to_user_id":null,"in_reply_to_user_id_str":null,"in_reply_to_screen_name":null,"user":{"id":355182255,"id_str":"355182255","name":"Queness Test Acc","screen_name":"QuenessTestAcc","location":"","description":"","url":null,"entities":{"description":{"urls":[]}},"protected":false,"followers_count":3,"friends_count":0,"listed_count":0,"created_at":"Sun Aug 14 23:46:36 +0000 2011","favourites_count":0,"utc_offset":null,"time_zone":null,"geo_enabled":false,"verified":false,"statuses_count":40,"lang":"en","contributors_enabled":false,"is_translator":false,"profile_background_color":"C0DEED","profile_background_image_url":"http:\/\/abs.twimg.com\/images\/themes\/theme1\/bg.png","profile_background_image_url_https":"https:\/\/abs.twimg.com\/images\/themes\/theme1\/bg.png","profile_background_tile":false,"profile_image_url":"http:\/\/abs.twimg.com\/sticky\/default_profile_images\/default_profile_1_normal.png","profile_image_url_https":"https:\/\/abs.twimg.com\/sticky\/default_profile_images\/default_profile_1_normal.png","profile_link_color":"0084B4","profile_sidebar_border_color":"C0DEED","profile_sidebar_fill_color":"DDEEF6","profile_text_color":"333333","profile_use_background_image":true,"default_profile":true,"default_profile_image":true,"following":false,"follow_request_sent":false,"notifications":false},"geo":null,"coordinates":null,"place":null,"contributors":null,"retweet_count":0,"favorite_count":0,"entities":{"hashtags":[],"symbols":[],"urls":[],"user_mentions":[],"media":[{"id":312421353158488065,"id_str":"312421353158488065","indices":[27,49],"media_url":"http:\/\/pbs.twimg.com\/media\/BFXxkL9CMAED_KJ.jpg","media_url_https":"https:\/\/pbs.twimg.com\/media\/BFXxkL9CMAED_KJ.jpg","url":"http:\/\/t.co\/tW2rpdvSiI","display_url":"pic.twitter.com\/tW2rpdvSiI","expanded_url":"http:\/\/twitter.com\/QuenessTestAcc\/status\/312421353150099457\/photo\/1","type":"photo","sizes":{"small":{"w":340,"h":425,"resize":"fit"},"large":{"w":736,"h":920,"resize":"fit"},"thumb":{"w":150,"h":150,"resize":"crop"},"medium":{"w":600,"h":750,"resize":"fit"}}}]},"favorited":false,"retweeted":false,"possibly_sensitive":false,"lang":"en"},"5":{"created_at":"Fri Mar 15 04:33:26 +0000 2013","id":312421256060338177,"id_str":"312421256060338177","text":"Balloons http:\/\/t.co\/EDfhW6s3TP","source":"web","truncated":false,"in_reply_to_status_id":null,"in_reply_to_status_id_str":null,"in_reply_to_user_id":null,"in_reply_to_user_id_str":null,"in_reply_to_screen_name":null,"user":{"id":355182255,"id_str":"355182255","name":"Queness Test Acc","screen_name":"QuenessTestAcc","location":"","description":"","url":null,"entities":{"description":{"urls":[]}},"protected":false,"followers_count":3,"friends_count":0,"listed_count":0,"created_at":"Sun Aug 14 23:46:36 +0000 2011","favourites_count":0,"utc_offset":null,"time_zone":null,"geo_enabled":false,"verified":false,"statuses_count":40,"lang":"en","contributors_enabled":false,"is_translator":false,"profile_background_color":"C0DEED","profile_background_image_url":"http:\/\/abs.twimg.com\/images\/themes\/theme1\/bg.png","profile_background_image_url_https":"https:\/\/abs.twimg.com\/images\/themes\/theme1\/bg.png","profile_background_tile":false,"profile_image_url":"http:\/\/abs.twimg.com\/sticky\/default_profile_images\/default_profile_1_normal.png","profile_image_url_https":"https:\/\/abs.twimg.com\/sticky\/default_profile_images\/default_profile_1_normal.png","profile_link_color":"0084B4","profile_sidebar_border_color":"C0DEED","profile_sidebar_fill_color":"DDEEF6","profile_text_color":"333333","profile_use_background_image":true,"default_profile":true,"default_profile_image":true,"following":false,"follow_request_sent":false,"notifications":false},"geo":null,"coordinates":null,"place":null,"contributors":null,"retweet_count":0,"favorite_count":0,"entities":{"hashtags":[],"symbols":[],"urls":[],"user_mentions":[],"media":[{"id":312421256064532480,"id_str":"312421256064532480","indices":[9,31],"media_url":"http:\/\/pbs.twimg.com\/media\/BFXxeiQCAAAG8DM.jpg","media_url_https":"https:\/\/pbs.twimg.com\/media\/BFXxeiQCAAAG8DM.jpg","url":"http:\/\/t.co\/EDfhW6s3TP","display_url":"pic.twitter.com\/EDfhW6s3TP","expanded_url":"http:\/\/twitter.com\/QuenessTestAcc\/status\/312421256060338177\/photo\/1","type":"photo","sizes":{"thumb":{"w":150,"h":150,"resize":"crop"},"large":{"w":500,"h":500,"resize":"fit"},"small":{"w":340,"h":340,"resize":"fit"},"medium":{"w":500,"h":500,"resize":"fit"}}}]},"favorited":false,"retweeted":false,"possibly_sensitive":false,"lang":"en"},"6":{"created_at":"Fri Mar 15 04:33:00 +0000 2013","id":312421144579960832,"id_str":"312421144579960832","text":"Colourful Umbrella http:\/\/t.co\/HDqJo8rgJl","source":"web","truncated":false,"in_reply_to_status_id":null,"in_reply_to_status_id_str":null,"in_reply_to_user_id":null,"in_reply_to_user_id_str":null,"in_reply_to_screen_name":null,"user":{"id":355182255,"id_str":"355182255","name":"Queness Test Acc","screen_name":"QuenessTestAcc","location":"","description":"","url":null,"entities":{"description":{"urls":[]}},"protected":false,"followers_count":3,"friends_count":0,"listed_count":0,"created_at":"Sun Aug 14 23:46:36 +0000 2011","favourites_count":0,"utc_offset":null,"time_zone":null,"geo_enabled":false,"verified":false,"statuses_count":40,"lang":"en","contributors_enabled":false,"is_translator":false,"profile_background_color":"C0DEED","profile_background_image_url":"http:\/\/abs.twimg.com\/images\/themes\/theme1\/bg.png","profile_background_image_url_https":"https:\/\/abs.twimg.com\/images\/themes\/theme1\/bg.png","profile_background_tile":false,"profile_image_url":"http:\/\/abs.twimg.com\/sticky\/default_profile_images\/default_profile_1_normal.png","profile_image_url_https":"https:\/\/abs.twimg.com\/sticky\/default_profile_images\/default_profile_1_normal.png","profile_link_color":"0084B4","profile_sidebar_border_color":"C0DEED","profile_sidebar_fill_color":"DDEEF6","profile_text_color":"333333","profile_use_background_image":true,"default_profile":true,"default_profile_image":true,"following":false,"follow_request_sent":false,"notifications":false},"geo":null,"coordinates":null,"place":null,"contributors":null,"retweet_count":0,"favorite_count":0,"entities":{"hashtags":[],"symbols":[],"urls":[],"user_mentions":[],"media":[{"id":312421144584155136,"id_str":"312421144584155136","indices":[19,41],"media_url":"http:\/\/pbs.twimg.com\/media\/BFXxYC9CcAAccRT.jpg","media_url_https":"https:\/\/pbs.twimg.com\/media\/BFXxYC9CcAAccRT.jpg","url":"http:\/\/t.co\/HDqJo8rgJl","display_url":"pic.twitter.com\/HDqJo8rgJl","expanded_url":"http:\/\/twitter.com\/QuenessTestAcc\/status\/312421144579960832\/photo\/1","type":"photo","sizes":{"small":{"w":340,"h":604,"resize":"fit"},"thumb":{"w":150,"h":150,"resize":"crop"},"large":{"w":360,"h":640,"resize":"fit"},"medium":{"w":360,"h":640,"resize":"fit"}}}]},"favorited":false,"retweeted":false,"possibly_sensitive":false,"lang":"et"},"7":{"created_at":"Fri Mar 15 04:32:44 +0000 2013","id":312421079140425728,"id_str":"312421079140425728","text":"Heart Cloud http:\/\/t.co\/p0NGFLKddV","source":"web","truncated":false,"in_reply_to_status_id":null,"in_reply_to_status_id_str":null,"in_reply_to_user_id":null,"in_reply_to_user_id_str":null,"in_reply_to_screen_name":null,"user":{"id":355182255,"id_str":"355182255","name":"Queness Test Acc","screen_name":"QuenessTestAcc","location":"","description":"","url":null,"entities":{"description":{"urls":[]}},"protected":false,"followers_count":3,"friends_count":0,"listed_count":0,"created_at":"Sun Aug 14 23:46:36 +0000 2011","favourites_count":0,"utc_offset":null,"time_zone":null,"geo_enabled":false,"verified":false,"statuses_count":40,"lang":"en","contributors_enabled":false,"is_translator":false,"profile_background_color":"C0DEED","profile_background_image_url":"http:\/\/abs.twimg.com\/images\/themes\/theme1\/bg.png","profile_background_image_url_https":"https:\/\/abs.twimg.com\/images\/themes\/theme1\/bg.png","profile_background_tile":false,"profile_image_url":"http:\/\/abs.twimg.com\/sticky\/default_profile_images\/default_profile_1_normal.png","profile_image_url_https":"https:\/\/abs.twimg.com\/sticky\/default_profile_images\/default_profile_1_normal.png","profile_link_color":"0084B4","profile_sidebar_border_color":"C0DEED","profile_sidebar_fill_color":"DDEEF6","profile_text_color":"333333","profile_use_background_image":true,"default_profile":true,"default_profile_image":true,"following":false,"follow_request_sent":false,"notifications":false},"geo":null,"coordinates":null,"place":null,"contributors":null,"retweet_count":0,"favorite_count":0,"entities":{"hashtags":[],"symbols":[],"urls":[],"user_mentions":[],"media":[{"id":312421079148814336,"id_str":"312421079148814336","indices":[12,34],"media_url":"http:\/\/pbs.twimg.com\/media\/BFXxUPMCYAAs2t5.jpg","media_url_https":"https:\/\/pbs.twimg.com\/media\/BFXxUPMCYAAs2t5.jpg","url":"http:\/\/t.co\/p0NGFLKddV","display_url":"pic.twitter.com\/p0NGFLKddV","expanded_url":"http:\/\/twitter.com\/QuenessTestAcc\/status\/312421079140425728\/photo\/1","type":"photo","sizes":{"thumb":{"w":150,"h":150,"resize":"crop"},"large":{"w":596,"h":900,"resize":"fit"},"medium":{"w":596,"h":900,"resize":"fit"},"small":{"w":340,"h":513,"resize":"fit"}}}]},"favorited":false,"retweeted":false,"possibly_sensitive":false,"lang":"en"},"8":{"created_at":"Fri Mar 15 04:31:47 +0000 2013","id":312420839138140160,"id_str":"312420839138140160","text":"Colourful http:\/\/t.co\/qndt5C4ypM","source":"web","truncated":false,"in_reply_to_status_id":null,"in_reply_to_status_id_str":null,"in_reply_to_user_id":null,"in_reply_to_user_id_str":null,"in_reply_to_screen_name":null,"user":{"id":355182255,"id_str":"355182255","name":"Queness Test Acc","screen_name":"QuenessTestAcc","location":"","description":"","url":null,"entities":{"description":{"urls":[]}},"protected":false,"followers_count":3,"friends_count":0,"listed_count":0,"created_at":"Sun Aug 14 23:46:36 +0000 2011","favourites_count":0,"utc_offset":null,"time_zone":null,"geo_enabled":false,"verified":false,"statuses_count":40,"lang":"en","contributors_enabled":false,"is_translator":false,"profile_background_color":"C0DEED","profile_background_image_url":"http:\/\/abs.twimg.com\/images\/themes\/theme1\/bg.png","profile_background_image_url_https":"https:\/\/abs.twimg.com\/images\/themes\/theme1\/bg.png","profile_background_tile":false,"profile_image_url":"http:\/\/abs.twimg.com\/sticky\/default_profile_images\/default_profile_1_normal.png","profile_image_url_https":"https:\/\/abs.twimg.com\/sticky\/default_profile_images\/default_profile_1_normal.png","profile_link_color":"0084B4","profile_sidebar_border_color":"C0DEED","profile_sidebar_fill_color":"DDEEF6","profile_text_color":"333333","profile_use_background_image":true,"default_profile":true,"default_profile_image":true,"following":false,"follow_request_sent":false,"notifications":false},"geo":null,"coordinates":null,"place":null,"contributors":null,"retweet_count":0,"favorite_count":0,"entities":{"hashtags":[],"symbols":[],"urls":[],"user_mentions":[],"media":[{"id":312420839142334464,"id_str":"312420839142334464","indices":[10,32],"media_url":"http:\/\/pbs.twimg.com\/media\/BFXxGRGCIAAfbJO.jpg","media_url_https":"https:\/\/pbs.twimg.com\/media\/BFXxGRGCIAAfbJO.jpg","url":"http:\/\/t.co\/qndt5C4ypM","display_url":"pic.twitter.com\/qndt5C4ypM","expanded_url":"http:\/\/twitter.com\/QuenessTestAcc\/status\/312420839138140160\/photo\/1","type":"photo","sizes":{"large":{"w":470,"h":470,"resize":"fit"},"thumb":{"w":150,"h":150,"resize":"crop"},"small":{"w":340,"h":340,"resize":"fit"},"medium":{"w":470,"h":470,"resize":"fit"}}}]},"favorited":false,"retweeted":false,"possibly_sensitive":false,"lang":"en"},"9":{"created_at":"Fri Mar 15 04:31:22 +0000 2013","id":312420733978562560,"id_str":"312420733978562560","text":"Minimal Photography http:\/\/t.co\/3laCVziTw4","source":"web","truncated":false,"in_reply_to_status_id":null,"in_reply_to_status_id_str":null,"in_reply_to_user_id":null,"in_reply_to_user_id_str":null,"in_reply_to_screen_name":null,"user":{"id":355182255,"id_str":"355182255","name":"Queness Test Acc","screen_name":"QuenessTestAcc","location":"","description":"","url":null,"entities":{"description":{"urls":[]}},"protected":false,"followers_count":3,"friends_count":0,"listed_count":0,"created_at":"Sun Aug 14 23:46:36 +0000 2011","favourites_count":0,"utc_offset":null,"time_zone":null,"geo_enabled":false,"verified":false,"statuses_count":40,"lang":"en","contributors_enabled":false,"is_translator":false,"profile_background_color":"C0DEED","profile_background_image_url":"http:\/\/abs.twimg.com\/images\/themes\/theme1\/bg.png","profile_background_image_url_https":"https:\/\/abs.twimg.com\/images\/themes\/theme1\/bg.png","profile_background_tile":false,"profile_image_url":"http:\/\/abs.twimg.com\/sticky\/default_profile_images\/default_profile_1_normal.png","profile_image_url_https":"https:\/\/abs.twimg.com\/sticky\/default_profile_images\/default_profile_1_normal.png","profile_link_color":"0084B4","profile_sidebar_border_color":"C0DEED","profile_sidebar_fill_color":"DDEEF6","profile_text_color":"333333","profile_use_background_image":true,"default_profile":true,"default_profile_image":true,"following":false,"follow_request_sent":false,"notifications":false},"geo":null,"coordinates":null,"place":null,"contributors":null,"retweet_count":0,"favorite_count":0,"entities":{"hashtags":[],"symbols":[],"urls":[],"user_mentions":[],"media":[{"id":312420733982756865,"id_str":"312420733982756865","indices":[20,42],"media_url":"http:\/\/pbs.twimg.com\/media\/BFXxAJWCUAEdPRF.jpg","media_url_https":"https:\/\/pbs.twimg.com\/media\/BFXxAJWCUAEdPRF.jpg","url":"http:\/\/t.co\/3laCVziTw4","display_url":"pic.twitter.com\/3laCVziTw4","expanded_url":"http:\/\/twitter.com\/QuenessTestAcc\/status\/312420733978562560\/photo\/1","type":"photo","sizes":{"medium":{"w":530,"h":353,"resize":"fit"},"thumb":{"w":150,"h":150,"resize":"crop"},"large":{"w":530,"h":353,"resize":"fit"},"small":{"w":340,"h":226,"resize":"fit"}}}]},"favorited":false,"retweeted":false,"possibly_sensitive":false,"lang":"et"},"10":{"created_at":"Fri Mar 15 04:30:52 +0000 2013","id":312420610632454144,"id_str":"312420610632454144","text":"Photography Inspiration http:\/\/t.co\/61H3LkDHHM","source":"web","truncated":false,"in_reply_to_status_id":null,"in_reply_to_status_id_str":null,"in_reply_to_user_id":null,"in_reply_to_user_id_str":null,"in_reply_to_screen_name":null,"user":{"id":355182255,"id_str":"355182255","name":"Queness Test Acc","screen_name":"QuenessTestAcc","location":"","description":"","url":null,"entities":{"description":{"urls":[]}},"protected":false,"followers_count":3,"friends_count":0,"listed_count":0,"created_at":"Sun Aug 14 23:46:36 +0000 2011","favourites_count":0,"utc_offset":null,"time_zone":null,"geo_enabled":false,"verified":false,"statuses_count":40,"lang":"en","contributors_enabled":false,"is_translator":false,"profile_background_color":"C0DEED","profile_background_image_url":"http:\/\/abs.twimg.com\/images\/themes\/theme1\/bg.png","profile_background_image_url_https":"https:\/\/abs.twimg.com\/images\/themes\/theme1\/bg.png","profile_background_tile":false,"profile_image_url":"http:\/\/abs.twimg.com\/sticky\/default_profile_images\/default_profile_1_normal.png","profile_image_url_https":"https:\/\/abs.twimg.com\/sticky\/default_profile_images\/default_profile_1_normal.png","profile_link_color":"0084B4","profile_sidebar_border_color":"C0DEED","profile_sidebar_fill_color":"DDEEF6","profile_text_color":"333333","profile_use_background_image":true,"default_profile":true,"default_profile_image":true,"following":false,"follow_request_sent":false,"notifications":false},"geo":null,"coordinates":null,"place":null,"contributors":null,"retweet_count":0,"favorite_count":0,"entities":{"hashtags":[],"symbols":[],"urls":[],"user_mentions":[],"media":[{"id":312420610640842752,"id_str":"312420610640842752","indices":[24,46],"media_url":"http:\/\/pbs.twimg.com\/media\/BFXw493CEAAmLUw.jpg","media_url_https":"https:\/\/pbs.twimg.com\/media\/BFXw493CEAAmLUw.jpg","url":"http:\/\/t.co\/61H3LkDHHM","display_url":"pic.twitter.com\/61H3LkDHHM","expanded_url":"http:\/\/twitter.com\/QuenessTestAcc\/status\/312420610632454144\/photo\/1","type":"photo","sizes":{"large":{"w":490,"h":750,"resize":"fit"},"medium":{"w":490,"h":750,"resize":"fit"},"thumb":{"w":150,"h":150,"resize":"crop"},"small":{"w":340,"h":520,"resize":"fit"}}}]},"favorited":false,"retweeted":false,"possibly_sensitive":false,"lang":"en"},"11":{"created_at":"Fri Mar 15 04:30:18 +0000 2013","id":312420465450815488,"id_str":"312420465450815488","text":"The art of nature floral photography http:\/\/t.co\/XrQoSsWM1j","source":"web","truncated":false,"in_reply_to_status_id":null,"in_reply_to_status_id_str":null,"in_reply_to_user_id":null,"in_reply_to_user_id_str":null,"in_reply_to_screen_name":null,"user":{"id":355182255,"id_str":"355182255","name":"Queness Test Acc","screen_name":"QuenessTestAcc","location":"","description":"","url":null,"entities":{"description":{"urls":[]}},"protected":false,"followers_count":3,"friends_count":0,"listed_count":0,"created_at":"Sun Aug 14 23:46:36 +0000 2011","favourites_count":0,"utc_offset":null,"time_zone":null,"geo_enabled":false,"verified":false,"statuses_count":40,"lang":"en","contributors_enabled":false,"is_translator":false,"profile_background_color":"C0DEED","profile_background_image_url":"http:\/\/abs.twimg.com\/images\/themes\/theme1\/bg.png","profile_background_image_url_https":"https:\/\/abs.twimg.com\/images\/themes\/theme1\/bg.png","profile_background_tile":false,"profile_image_url":"http:\/\/abs.twimg.com\/sticky\/default_profile_images\/default_profile_1_normal.png","profile_image_url_https":"https:\/\/abs.twimg.com\/sticky\/default_profile_images\/default_profile_1_normal.png","profile_link_color":"0084B4","profile_sidebar_border_color":"C0DEED","profile_sidebar_fill_color":"DDEEF6","profile_text_color":"333333","profile_use_background_image":true,"default_profile":true,"default_profile_image":true,"following":false,"follow_request_sent":false,"notifications":false},"geo":null,"coordinates":null,"place":null,"contributors":null,"retweet_count":0,"favorite_count":0,"entities":{"hashtags":[],"symbols":[],"urls":[],"user_mentions":[],"media":[{"id":312420465455009792,"id_str":"312420465455009792","indices":[37,59],"media_url":"http:\/\/pbs.twimg.com\/media\/BFXwwhACEAAc74T.jpg","media_url_https":"https:\/\/pbs.twimg.com\/media\/BFXwwhACEAAc74T.jpg","url":"http:\/\/t.co\/XrQoSsWM1j","display_url":"pic.twitter.com\/XrQoSsWM1j","expanded_url":"http:\/\/twitter.com\/QuenessTestAcc\/status\/312420465450815488\/photo\/1","type":"photo","sizes":{"medium":{"w":550,"h":550,"resize":"fit"},"thumb":{"w":150,"h":150,"resize":"crop"},"small":{"w":340,"h":340,"resize":"fit"},"large":{"w":550,"h":550,"resize":"fit"}}}]},"favorited":false,"retweeted":false,"possibly_sensitive":false,"lang":"en"},"12":{"created_at":"Fri Mar 15 04:29:21 +0000 2013","id":312420228577505280,"id_str":"312420228577505280","text":"Amazing Jelly Fish http:\/\/t.co\/MG4z197hsl","source":"web","truncated":false,"in_reply_to_status_id":null,"in_reply_to_status_id_str":null,"in_reply_to_user_id":null,"in_reply_to_user_id_str":null,"in_reply_to_screen_name":null,"user":{"id":355182255,"id_str":"355182255","name":"Queness Test Acc","screen_name":"QuenessTestAcc","location":"","description":"","url":null,"entities":{"description":{"urls":[]}},"protected":false,"followers_count":3,"friends_count":0,"listed_count":0,"created_at":"Sun Aug 14 23:46:36 +0000 2011","favourites_count":0,"utc_offset":null,"time_zone":null,"geo_enabled":false,"verified":false,"statuses_count":40,"lang":"en","contributors_enabled":false,"is_translator":false,"profile_background_color":"C0DEED","profile_background_image_url":"http:\/\/abs.twimg.com\/images\/themes\/theme1\/bg.png","profile_background_image_url_https":"https:\/\/abs.twimg.com\/images\/themes\/theme1\/bg.png","profile_background_tile":false,"profile_image_url":"http:\/\/abs.twimg.com\/sticky\/default_profile_images\/default_profile_1_normal.png","profile_image_url_https":"https:\/\/abs.twimg.com\/sticky\/default_profile_images\/default_profile_1_normal.png","profile_link_color":"0084B4","profile_sidebar_border_color":"C0DEED","profile_sidebar_fill_color":"DDEEF6","profile_text_color":"333333","profile_use_background_image":true,"default_profile":true,"default_profile_image":true,"following":false,"follow_request_sent":false,"notifications":false},"geo":null,"coordinates":null,"place":null,"contributors":null,"retweet_count":0,"favorite_count":0,"entities":{"hashtags":[],"symbols":[],"urls":[],"user_mentions":[],"media":[{"id":312420228581699584,"id_str":"312420228581699584","indices":[19,41],"media_url":"http:\/\/pbs.twimg.com\/media\/BFXwiulCMAA1j3w.jpg","media_url_https":"https:\/\/pbs.twimg.com\/media\/BFXwiulCMAA1j3w.jpg","url":"http:\/\/t.co\/MG4z197hsl","display_url":"pic.twitter.com\/MG4z197hsl","expanded_url":"http:\/\/twitter.com\/QuenessTestAcc\/status\/312420228577505280\/photo\/1","type":"photo","sizes":{"medium":{"w":600,"h":600,"resize":"fit"},"thumb":{"w":150,"h":150,"resize":"crop"},"small":{"w":340,"h":340,"resize":"fit"},"large":{"w":600,"h":600,"resize":"fit"}}}]},"favorited":false,"retweeted":false,"possibly_sensitive":false,"lang":"en"},"13":{"created_at":"Fri Mar 15 04:29:02 +0000 2013","id":312420143202451456,"id_str":"312420143202451456","text":"Long exposure. http:\/\/t.co\/8Ug4Bkv56N","source":"web","truncated":false,"in_reply_to_status_id":null,"in_reply_to_status_id_str":null,"in_reply_to_user_id":null,"in_reply_to_user_id_str":null,"in_reply_to_screen_name":null,"user":{"id":355182255,"id_str":"355182255","name":"Queness Test Acc","screen_name":"QuenessTestAcc","location":"","description":"","url":null,"entities":{"description":{"urls":[]}},"protected":false,"followers_count":3,"friends_count":0,"listed_count":0,"created_at":"Sun Aug 14 23:46:36 +0000 2011","favourites_count":0,"utc_offset":null,"time_zone":null,"geo_enabled":false,"verified":false,"statuses_count":40,"lang":"en","contributors_enabled":false,"is_translator":false,"profile_background_color":"C0DEED","profile_background_image_url":"http:\/\/abs.twimg.com\/images\/themes\/theme1\/bg.png","profile_background_image_url_https":"https:\/\/abs.twimg.com\/images\/themes\/theme1\/bg.png","profile_background_tile":false,"profile_image_url":"http:\/\/abs.twimg.com\/sticky\/default_profile_images\/default_profile_1_normal.png","profile_image_url_https":"https:\/\/abs.twimg.com\/sticky\/default_profile_images\/default_profile_1_normal.png","profile_link_color":"0084B4","profile_sidebar_border_color":"C0DEED","profile_sidebar_fill_color":"DDEEF6","profile_text_color":"333333","profile_use_background_image":true,"default_profile":true,"default_profile_image":true,"following":false,"follow_request_sent":false,"notifications":false},"geo":null,"coordinates":null,"place":null,"contributors":null,"retweet_count":1,"favorite_count":1,"entities":{"hashtags":[],"symbols":[],"urls":[],"user_mentions":[],"media":[{"id":312420143206645760,"id_str":"312420143206645760","indices":[15,37],"media_url":"http:\/\/pbs.twimg.com\/media\/BFXwdwiCQAAfJDQ.jpg","media_url_https":"https:\/\/pbs.twimg.com\/media\/BFXwdwiCQAAfJDQ.jpg","url":"http:\/\/t.co\/8Ug4Bkv56N","display_url":"pic.twitter.com\/8Ug4Bkv56N","expanded_url":"http:\/\/twitter.com\/QuenessTestAcc\/status\/312420143202451456\/photo\/1","type":"photo","sizes":{"medium":{"w":381,"h":675,"resize":"fit"},"thumb":{"w":150,"h":150,"resize":"crop"},"large":{"w":381,"h":675,"resize":"fit"},"small":{"w":340,"h":602,"resize":"fit"}}}]},"favorited":false,"retweeted":false,"possibly_sensitive":false,"lang":"en"},"14":{"created_at":"Fri Mar 15 04:28:41 +0000 2013","id":312420058108403712,"id_str":"312420058108403712","text":"Blue water http:\/\/t.co\/KTzkzl5yj7","source":"web","truncated":false,"in_reply_to_status_id":null,"in_reply_to_status_id_str":null,"in_reply_to_user_id":null,"in_reply_to_user_id_str":null,"in_reply_to_screen_name":null,"user":{"id":355182255,"id_str":"355182255","name":"Queness Test Acc","screen_name":"QuenessTestAcc","location":"","description":"","url":null,"entities":{"description":{"urls":[]}},"protected":false,"followers_count":3,"friends_count":0,"listed_count":0,"created_at":"Sun Aug 14 23:46:36 +0000 2011","favourites_count":0,"utc_offset":null,"time_zone":null,"geo_enabled":false,"verified":false,"statuses_count":40,"lang":"en","contributors_enabled":false,"is_translator":false,"profile_background_color":"C0DEED","profile_background_image_url":"http:\/\/abs.twimg.com\/images\/themes\/theme1\/bg.png","profile_background_image_url_https":"https:\/\/abs.twimg.com\/images\/themes\/theme1\/bg.png","profile_background_tile":false,"profile_image_url":"http:\/\/abs.twimg.com\/sticky\/default_profile_images\/default_profile_1_normal.png","profile_image_url_https":"https:\/\/abs.twimg.com\/sticky\/default_profile_images\/default_profile_1_normal.png","profile_link_color":"0084B4","profile_sidebar_border_color":"C0DEED","profile_sidebar_fill_color":"DDEEF6","profile_text_color":"333333","profile_use_background_image":true,"default_profile":true,"default_profile_image":true,"following":false,"follow_request_sent":false,"notifications":false},"geo":null,"coordinates":null,"place":null,"contributors":null,"retweet_count":0,"favorite_count":0,"entities":{"hashtags":[],"symbols":[],"urls":[],"user_mentions":[],"media":[{"id":312420058116792321,"id_str":"312420058116792321","indices":[11,33],"media_url":"http:\/\/pbs.twimg.com\/media\/BFXwYzjCIAEVW98.jpg","media_url_https":"https:\/\/pbs.twimg.com\/media\/BFXwYzjCIAEVW98.jpg","url":"http:\/\/t.co\/KTzkzl5yj7","display_url":"pic.twitter.com\/KTzkzl5yj7","expanded_url":"http:\/\/twitter.com\/QuenessTestAcc\/status\/312420058108403712\/photo\/1","type":"photo","sizes":{"medium":{"w":600,"h":600,"resize":"fit"},"large":{"w":640,"h":640,"resize":"fit"},"thumb":{"w":150,"h":150,"resize":"crop"},"small":{"w":340,"h":340,"resize":"fit"}}}]},"favorited":false,"retweeted":false,"possibly_sensitive":false,"lang":"en"},"15":{"created_at":"Fri Mar 15 04:27:48 +0000 2013","id":312419836485574656,"id_str":"312419836485574656","text":"Minimalism Photography http:\/\/t.co\/C1J6IqT89L","source":"web","truncated":false,"in_reply_to_status_id":null,"in_reply_to_status_id_str":null,"in_reply_to_user_id":null,"in_reply_to_user_id_str":null,"in_reply_to_screen_name":null,"user":{"id":355182255,"id_str":"355182255","name":"Queness Test Acc","screen_name":"QuenessTestAcc","location":"","description":"","url":null,"entities":{"description":{"urls":[]}},"protected":false,"followers_count":3,"friends_count":0,"listed_count":0,"created_at":"Sun Aug 14 23:46:36 +0000 2011","favourites_count":0,"utc_offset":null,"time_zone":null,"geo_enabled":false,"verified":false,"statuses_count":40,"lang":"en","contributors_enabled":false,"is_translator":false,"profile_background_color":"C0DEED","profile_background_image_url":"http:\/\/abs.twimg.com\/images\/themes\/theme1\/bg.png","profile_background_image_url_https":"https:\/\/abs.twimg.com\/images\/themes\/theme1\/bg.png","profile_background_tile":false,"profile_image_url":"http:\/\/abs.twimg.com\/sticky\/default_profile_images\/default_profile_1_normal.png","profile_image_url_https":"https:\/\/abs.twimg.com\/sticky\/default_profile_images\/default_profile_1_normal.png","profile_link_color":"0084B4","profile_sidebar_border_color":"C0DEED","profile_sidebar_fill_color":"DDEEF6","profile_text_color":"333333","profile_use_background_image":true,"default_profile":true,"default_profile_image":true,"following":false,"follow_request_sent":false,"notifications":false},"geo":null,"coordinates":null,"place":null,"contributors":null,"retweet_count":0,"favorite_count":0,"entities":{"hashtags":[],"symbols":[],"urls":[],"user_mentions":[],"media":[{"id":312419836489768960,"id_str":"312419836489768960","indices":[23,45],"media_url":"http:\/\/pbs.twimg.com\/media\/BFXwL57CIAALigZ.jpg","media_url_https":"https:\/\/pbs.twimg.com\/media\/BFXwL57CIAALigZ.jpg","url":"http:\/\/t.co\/C1J6IqT89L","display_url":"pic.twitter.com\/C1J6IqT89L","expanded_url":"http:\/\/twitter.com\/QuenessTestAcc\/status\/312419836485574656\/photo\/1","type":"photo","sizes":{"medium":{"w":600,"h":600,"resize":"fit"},"large":{"w":640,"h":640,"resize":"fit"},"thumb":{"w":150,"h":150,"resize":"crop"},"small":{"w":340,"h":340,"resize":"fit"}}}]},"favorited":false,"retweeted":false,"possibly_sensitive":false,"lang":"et"},"16":{"created_at":"Fri Mar 15 04:27:20 +0000 2013","id":312419720563404800,"id_str":"312419720563404800","text":"Don\u2019t shoot what it looks like. Shoot what it feels like. \u2013 David Alan Harvey http:\/\/t.co\/UyV2TQlKEX","source":"web","truncated":false,"in_reply_to_status_id":null,"in_reply_to_status_id_str":null,"in_reply_to_user_id":null,"in_reply_to_user_id_str":null,"in_reply_to_screen_name":null,"user":{"id":355182255,"id_str":"355182255","name":"Queness Test Acc","screen_name":"QuenessTestAcc","location":"","description":"","url":null,"entities":{"description":{"urls":[]}},"protected":false,"followers_count":3,"friends_count":0,"listed_count":0,"created_at":"Sun Aug 14 23:46:36 +0000 2011","favourites_count":0,"utc_offset":null,"time_zone":null,"geo_enabled":false,"verified":false,"statuses_count":40,"lang":"en","contributors_enabled":false,"is_translator":false,"profile_background_color":"C0DEED","profile_background_image_url":"http:\/\/abs.twimg.com\/images\/themes\/theme1\/bg.png","profile_background_image_url_https":"https:\/\/abs.twimg.com\/images\/themes\/theme1\/bg.png","profile_background_tile":false,"profile_image_url":"http:\/\/abs.twimg.com\/sticky\/default_profile_images\/default_profile_1_normal.png","profile_image_url_https":"https:\/\/abs.twimg.com\/sticky\/default_profile_images\/default_profile_1_normal.png","profile_link_color":"0084B4","profile_sidebar_border_color":"C0DEED","profile_sidebar_fill_color":"DDEEF6","profile_text_color":"333333","profile_use_background_image":true,"default_profile":true,"default_profile_image":true,"following":false,"follow_request_sent":false,"notifications":false},"geo":null,"coordinates":null,"place":null,"contributors":null,"retweet_count":1,"favorite_count":0,"entities":{"hashtags":[],"symbols":[],"urls":[],"user_mentions":[],"media":[{"id":312419720567599104,"id_str":"312419720567599104","indices":[78,100],"media_url":"http:\/\/pbs.twimg.com\/media\/BFXwFKFCMAAv9LP.jpg","media_url_https":"https:\/\/pbs.twimg.com\/media\/BFXwFKFCMAAv9LP.jpg","url":"http:\/\/t.co\/UyV2TQlKEX","display_url":"pic.twitter.com\/UyV2TQlKEX","expanded_url":"http:\/\/twitter.com\/QuenessTestAcc\/status\/312419720563404800\/photo\/1","type":"photo","sizes":{"large":{"w":200,"h":200,"resize":"fit"},"small":{"w":200,"h":200,"resize":"fit"},"thumb":{"w":150,"h":150,"resize":"crop"},"medium":{"w":200,"h":200,"resize":"fit"}}}]},"favorited":false,"retweeted":false,"possibly_sensitive":false,"lang":"en"},"17":{"created_at":"Fri Mar 15 04:26:46 +0000 2013","id":312419578112262145,"id_str":"312419578112262145","text":"Rain photography. http:\/\/t.co\/GhYkRTR725","source":"web","truncated":false,"in_reply_to_status_id":null,"in_reply_to_status_id_str":null,"in_reply_to_user_id":null,"in_reply_to_user_id_str":null,"in_reply_to_screen_name":null,"user":{"id":355182255,"id_str":"355182255","name":"Queness Test Acc","screen_name":"QuenessTestAcc","location":"","description":"","url":null,"entities":{"description":{"urls":[]}},"protected":false,"followers_count":3,"friends_count":0,"listed_count":0,"created_at":"Sun Aug 14 23:46:36 +0000 2011","favourites_count":0,"utc_offset":null,"time_zone":null,"geo_enabled":false,"verified":false,"statuses_count":40,"lang":"en","contributors_enabled":false,"is_translator":false,"profile_background_color":"C0DEED","profile_background_image_url":"http:\/\/abs.twimg.com\/images\/themes\/theme1\/bg.png","profile_background_image_url_https":"https:\/\/abs.twimg.com\/images\/themes\/theme1\/bg.png","profile_background_tile":false,"profile_image_url":"http:\/\/abs.twimg.com\/sticky\/default_profile_images\/default_profile_1_normal.png","profile_image_url_https":"https:\/\/abs.twimg.com\/sticky\/default_profile_images\/default_profile_1_normal.png","profile_link_color":"0084B4","profile_sidebar_border_color":"C0DEED","profile_sidebar_fill_color":"DDEEF6","profile_text_color":"333333","profile_use_background_image":true,"default_profile":true,"default_profile_image":true,"following":false,"follow_request_sent":false,"notifications":false},"geo":null,"coordinates":null,"place":null,"contributors":null,"retweet_count":0,"favorite_count":0,"entities":{"hashtags":[],"symbols":[],"urls":[],"user_mentions":[],"media":[{"id":312419578116456448,"id_str":"312419578116456448","indices":[18,40],"media_url":"http:\/\/pbs.twimg.com\/media\/BFXv83aCQAAaZdZ.jpg","media_url_https":"https:\/\/pbs.twimg.com\/media\/BFXv83aCQAAaZdZ.jpg","url":"http:\/\/t.co\/GhYkRTR725","display_url":"pic.twitter.com\/GhYkRTR725","expanded_url":"http:\/\/twitter.com\/QuenessTestAcc\/status\/312419578112262145\/photo\/1","type":"photo","sizes":{"thumb":{"w":150,"h":150,"resize":"crop"},"small":{"w":340,"h":510,"resize":"fit"},"medium":{"w":427,"h":640,"resize":"fit"},"large":{"w":427,"h":640,"resize":"fit"}}}]},"favorited":false,"retweeted":false,"possibly_sensitive":false,"lang":"en"},"httpstatus":200}